{
    "p": [[683.8,0,673.5907,0.0],[0.0,684.147,372.8048,0.0],[0,0,1,0]
    ],
    "r": [[1,0,0,0],[0,1,0,0],[0,0,1,0],[0,0,0,1]
    ],
    "t": [[0.00852965,-0.999945,-0.00606215,0.0609592],[-0.0417155,0.00570127,-0.999113,-0.144364],[0.999093,0.00877497,-0.0416646,-0.0731114],[0,0,0,1]
    ]
}